{"total_time": 21418.355226516724, "problems_solved": 50, "unexpected": 31, "timed_out_count": 0, "unsolved": [], "timed_out": [], "time_taken": [1.506805419921875, 135.77604293823242, 27.27508544921875, 1.3968944549560547, 142.503023147583, 1.5480518341064453, 290.59910774230957, 154.49023246765137, 130.0821304321289, 7.832050323486328, 114.74370956420898, 121.63090705871582, 666.6030883789062, 630.0070285797119, 258.3889961242676, 1454.355001449585, 722.1660614013672, 44.953107833862305, 23.97012710571289, 660.1159572601318, 0.44989585876464844, 760.5102062225342, 21.949052810668945, 1.2638568878173828, 62.29400634765625, 2.357006072998047, 98.3428955078125, 113.36779594421387, 1258.6278915405273, 554.5768737792969, 993.7012195587158, 670.4118251800537, 3.549337387084961, 87.83078193664551, 183.70890617370605, 11.380910873413086, 94.26093101501465, 320.27578353881836, 565.8209323883057, 1235.8858585357666, 493.75295639038086, 776.494026184082, 2311.3160133361816, 1549.1728782653809, 86.78197860717773, 730.4098606109619, 24.703025817871094, 767.7319049835205, 488.2969856262207, 1559.1862201690674]}