{
  "total_time": 258851.20725631714,
  "problems_solved": 45,
  "unexpected": 27,
  "timed_out_count": 1,
  "unsolved": [
    "REVERSE(MAP(+1,x0))",
    "TAKE(x1,SCAN1L(-,x0))",
    "REVERSE(TAKE(x1,x0))",
    "ZIPWITH(*,REVERSE(x0),REVERSE(x0))"
  ],
  "timed_out": [
    "MINIMUM(ZIPWITH(+,x0,x1))"
  ],
  "time_taken": [
    9.241104125976562,
    542.6480770111084,
    139.92929458618164,
    10.628938674926758,
    966.3782119750977,
    8.867025375366211,
    1379.6839714050293,
    1104.7139167785645,
    36.144256591796875,
    875.9591579437256,
    5895.381927490234,
    9972.569704055786,
    9708.70304107666,
    3772.1736431121826,
    8809.83304977417,
    63.82584571838379,
    2210.840940475464,
    2724.998950958252,
    227.16093063354492,
    148.45514297485352,
    580.0819396972656,
    5320.650100708008,
    3002.4142265319824,
    589.98703956604,
    2556.472063064575,
    933.7470531463623,
    29644.240140914917,
    527.4229049682617,
    2346.7299938201904,
    2216.238021850586,
    11253.901958465576,
    1168.111801147461,
    4060.4708194732666,
    7000.6608963012695,
    6767.972946166992,
    1413.9351844787598,
    13612.023115158081,
    37.63985633850098,
    81168.8346862793,
    4012.129068374634,
    5949.977159500122,
    9448.017120361328,
    2891.4520740509033,
    6819.243907928467,
    6920.716047286987
  ]
}