{
  "total_time": 273133.6543560028,
  "problems_solved": 28,
  "unexpected": 24,
  "timed_out_count": 20,
  "unsolved": [],
  "timed_out": [
    "TAIL(TAKE(SUM(x0),x1))",
    "HEAD(ZIPWITH(max,x1,ZIPWITH(+,x1,x0)))",
    "TAIL(MAP(*-1,REVERSE(x0)))",
    "HEAD(ZIPWITH(-,x0,FILTER(EVEN,x0)))",
    "MAXIMUM(MAP(+1,ZIPWITH(max,x0,x0)))",
    "ZIPWITH(*,MAP(*-1,x1),ZIPWITH(max,x2,x0))",
    "ZIPWITH(+,ZIPWITH(min,x1,x0),FILTER(EVEN,ZIPWITH(min,x1,x0)))",
    "ZIPWITH(+,MAP(/2,x1),ZIPWITH(-,x0,x2))",
    "ZIPWITH(max,ZIPWITH(max,x0,SCAN1L(min,x1)),ZIPWITH(max,x0,SCAN1L(min,x1)))",
    "ZIPWITH(max,SORT(x0),ZIPWITH(min,x1,x0))",
    "TAKE(HEAD(x0),ZIPWITH(-,x1,x0))",
    "ZIPWITH(*,x0,ZIPWITH(*,FILTER(<0,x2),x1))",
    "ZIPWITH(max,ZIPWITH(min,FILTER(<0,x0),x1),x1)",
    "ZIPWITH(*,ZIPWITH(min,x2,x0),MAP(/4,x1))",
    "ZIPWITH(-,x1,ZIPWITH(max,x0,MAP(+1,x1)))",
    "TAKE(COUNT(EVEN,ZIPWITH(-,x0,x1)),x2)",
    "SCAN1L(-,MAP(-1,REVERSE(x0)))",
    "TAKE(COUNT(EVEN,ZIPWITH(min,x0,x0)),x1)",
    "ZIPWITH(min,FILTER(>0,MAP(*2,x0)),x0)",
    "MAP(+1,ZIPWITH(max,ZIPWITH(max,x0,x2),x1))"
  ],
  "time_taken": [
    6701.781988143921,
    788.7957096099854,
    17841.06206893921,
    1123.750925064087,
    91641.88003540039,
    377.918004989624,
    13358.18099975586,
    467.70668029785156,
    7258.062839508057,
    263.31019401550293,
    2548.940896987915,
    339.54310417175293,
    789.89577293396,
    9148.053169250488,
    734.9410057067871,
    8349.976062774658,
    534.6038341522217,
    338.2279872894287,
    40907.703161239624,
    48504.76002693176,
    1428.2281398773193,
    3412.8599166870117,
    752.1500587463379,
    3774.2691040039062,
    159.6968173980713,
    789.6139621734619,
    10630.038976669312,
    167.70291328430176
  ]
}