{
  "total_time": 340863.3406162262,
  "problems_solved": 28,
  "unexpected": 24,
  "timed_out_count": 20,
  "unsolved": [],
  "timed_out": [
    "TAIL(TAKE(SUM(x0),x1))",
    "HEAD(ZIPWITH(max,x1,ZIPWITH(+,x1,x0)))",
    "TAIL(MAP(*-1,REVERSE(x0)))",
    "HEAD(ZIPWITH(-,x0,FILTER(EVEN,x0)))",
    "MAXIMUM(MAP(+1,ZIPWITH(max,x0,x0)))",
    "ZIPWITH(*,MAP(*-1,x1),ZIPWITH(max,x2,x0))",
    "ZIPWITH(+,ZIPWITH(min,x1,x0),FILTER(EVEN,ZIPWITH(min,x1,x0)))",
    "ZIPWITH(+,MAP(/2,x1),ZIPWITH(-,x0,x2))",
    "ZIPWITH(max,ZIPWITH(max,x0,SCAN1L(min,x1)),ZIPWITH(max,x0,SCAN1L(min,x1)))",
    "ZIPWITH(max,SORT(x0),ZIPWITH(min,x1,x0))",
    "TAKE(HEAD(x0),ZIPWITH(-,x1,x0))",
    "ZIPWITH(*,x0,ZIPWITH(*,FILTER(<0,x2),x1))",
    "ZIPWITH(max,ZIPWITH(min,FILTER(<0,x0),x1),x1)",
    "ZIPWITH(*,ZIPWITH(min,x2,x0),MAP(/4,x1))",
    "ZIPWITH(-,x1,ZIPWITH(max,x0,MAP(+1,x1)))",
    "TAKE(COUNT(EVEN,ZIPWITH(-,x0,x1)),x2)",
    "SCAN1L(-,MAP(-1,REVERSE(x0)))",
    "TAKE(COUNT(EVEN,ZIPWITH(min,x0,x0)),x1)",
    "ZIPWITH(min,FILTER(>0,MAP(*2,x0)),x0)",
    "MAP(+1,ZIPWITH(max,ZIPWITH(max,x0,x2),x1))"
  ],
  "time_taken": [
    6258.913040161133,
    1576.7369270324707,
    21956.418752670288,
    875.2119541168213,
    172293.11418533325,
    66.46919250488281,
    8745.530128479004,
    58.85791778564453,
    6266.417980194092,
    117.27595329284668,
    2270.739793777466,
    65.0787353515625,
    370.1918125152588,
    5956.977844238281,
    500.9329319000244,
    7407.46808052063,
    267.2901153564453,
    51.837921142578125,
    37726.07421875,
    45497.99299240112,
    1183.872938156128,
    3144.4649696350098,
    548.2890605926514,
    3610.970973968506,
    24.998903274536133,
    2197.7791786193848,
    11799.491882324219,
    23.942232131958008
  ]
}