{
  "total_time": 448497.5905418396,
  "problems_solved": 41,
  "unexpected": 35,
  "timed_out_count": 7,
  "unsolved": [],
  "timed_out": [
    "ZIPWITH(*,MAP(*-1,x1),ZIPWITH(max,x2,x0))",
    "ZIPWITH(+,ZIPWITH(min,x1,x0),FILTER(EVEN,ZIPWITH(min,x1,x0)))",
    "ZIPWITH(max,SORT(x0),ZIPWITH(min,x1,x0))",
    "TAKE(HEAD(x0),ZIPWITH(-,x1,x0))",
    "ZIPWITH(*,x0,ZIPWITH(*,FILTER(<0,x2),x1))",
    "TAKE(COUNT(EVEN,ZIPWITH(-,x0,x1)),x2)",
    "MAP(+1,ZIPWITH(max,ZIPWITH(max,x0,x2),x1))"
  ],
  "time_taken": [
    737.9920482635498,
    1134.9360942840576,
    5738.715887069702,
    5077.589988708496,
    367.71202087402344,
    10960.08324623108,
    13.865947723388672,
    1100.2418994903564,
    5.527973175048828,
    2543.0662631988525,
    2.0940303802490234,
    12151.097059249878,
    345.3707695007324,
    15.18106460571289,
    3063.8320446014404,
    106.04405403137207,
    12219.025135040283,
    1563.0290508270264,
    74.9971866607666,
    3030.4958820343018,
    1494.5108890533447,
    35.78495979309082,
    23.04387092590332,
    5850.816965103149,
    7498.157024383545,
    491.27984046936035,
    117333.61291885376,
    189.3298625946045,
    1324.9750137329102,
    316.76292419433594,
    683.9728355407715,
    44051.35178565979,
    125527.4498462677,
    2.3441314697265625,
    29630.321979522705,
    1.8091201782226562,
    2162.4279022216797,
    15658.756971359253,
    29042.467832565308,
    6925.628185272217,
    1.8880367279052734
  ]
}