{
  "total_time": 320776.79562568665,
  "problems_solved": 45,
  "unexpected": 27,
  "timed_out_count": 1,
  "unsolved": [
    "REVERSE(MAP(+1,x0))",
    "TAKE(x1,SCAN1L(-,x0))",
    "REVERSE(TAKE(x1,x0))",
    "ZIPWITH(*,REVERSE(x0),REVERSE(x0))"
  ],
  "timed_out": [
    "MINIMUM(ZIPWITH(+,x0,x1))"
  ],
  "time_taken": [
    30.186891555786133,
    3441.4126873016357,
    97.63717651367188,
    19.500017166137695,
    2633.9101791381836,
    31.321048736572266,
    2431.8230152130127,
    1923.6080646514893,
    31.636953353881836,
    1420.4769134521484,
    694.8118209838867,
    2765.0511264801025,
    3244.316339492798,
    811.2959861755371,
    6182.979106903076,
    2633.815050125122,
    279.88600730895996,
    130.70392608642578,
    13.894081115722656,
    2577.7931213378906,
    134.39106941223145,
    23.205280303955078,
    228.61289978027344,
    29.788970947265625,
    363.13700675964355,
    3164.1552448272705,
    5344.47979927063,
    2989.4440174102783,
    47.653913497924805,
    78244.03405189514,
    677.5782108306885,
    95.7787036895752,
    656.1698913574219,
    2160.8622074127197,
    5849.394798278809,
    4620.051145553589,
    2216.6199684143066,
    2641.958713531494,
    109330.22999763489,
    54646.83270454407,
    541.2900447845459,
    7807.31201171875,
    142.12822914123535,
    2122.556209564209,
    5303.071022033691
  ]
}