{
  "total_time": 745576.6360759735,
  "problems_solved": 42,
  "unexpected": 28,
  "timed_out_count": 7,
  "unsolved": [
    "REVERSE(MAP(+1,x0))"
  ],
  "timed_out": [
    "MINIMUM(ZIPWITH(+,x0,x1))",
    "TAKE(x1,SCAN1L(-,x0))",
    "REVERSE(TAKE(x1,x0))",
    "FILTER(>0,MAP(-1,x0))",
    "TAKE(TAIL(x0),x1)",
    "ZIPWITH(*,REVERSE(x0),REVERSE(x0))",
    "MAP(+1,ZIPWITH(max,x0,x1))"
  ],
  "time_taken": [
    1367.4380779266357,
    21145.83706855774,
    744.8499202728271,
    672.2819805145264,
    27726.452112197876,
    664.4651889801025,
    28113.31605911255,
    25254.25624847412,
    673.9139556884766,
    24644.377946853638,
    3512.070894241333,
    88293.13707351685,
    108342.12923049927,
    871.0839748382568,
    49437.08419799805,
    2906.816005706787,
    1612.4131679534912,
    1737.2488975524902,
    675.1680374145508,
    1976.7191410064697,
    1555.7148456573486,
    1485.8710765838623,
    2783.8118076324463,
    703.1841278076172,
    1035.965919494629,
    2191.617965698242,
    72615.19527435303,
    98817.3840045929,
    1480.30686378479,
    2246.7901706695557,
    842.771053314209,
    730.7393550872803,
    2387.7387046813965,
    2398.0159759521484,
    2307.0430755615234,
    138183.6359500885,
    3079.4169902801514,
    3651.7369747161865,
    4370.782852172852,
    6373.777866363525,
    1740.7479286193848,
    4223.328113555908
  ]
}