{"total_count": 100, "timed_out_count": 0, "solved_count": 99, "unsolved": [], "timed_out": [], "total_time": 555291.3184165955, "time_plot": [12130.303859710693, 123.55208396911621, 13488.521814346313, 770.5168724060059, 472.1100330352783, 94.76494789123535, 22.62282371520996, 12735.9938621521, 91.50576591491699, 12584.967136383057, 11972.954750061035, 3.042936325073242, 2.3179054260253906, 52373.93283843994, 148.38671684265137, 192.7168369293213, 180.49979209899902, 161.3147258758545, 228.78718376159668, 197.2329616546631, 1815.6218528747559, 64.57090377807617, 68.07398796081543, 62.17503547668457, 729.4249534606934, 72.07703590393066, 371.11401557922363, 14.889955520629883, 731.6739559173584, 310.3311061859131, 105.01980781555176, 312.0129108428955, 674.7519969940186, 104.59017753601074, 319.72384452819824, 140.16413688659668, 184.83281135559082, 195.91474533081055, 42399.49297904968, 281.8288803100586, 42737.86973953247, 48367.25568771362, 51.192283630371094, 205.4920196533203, 47.7147102355957, 1521.3310718536377, 40.13991355895996, 42.847633361816406, 26.65400505065918, 274.29676055908203, 33099.14302825928, 229.99978065490723, 3.160715103149414, 3.0422210693359375, 44701.647996902466, 31549.651861190796, 11683.951139450073, 3.9641857147216797, 131.03675842285156, 567.5399303436279, 12442.73591041565, 66.93196296691895, 36.16905212402344, 8001.671075820923, 12885.056018829346, 8.626222610473633, 1.3587474822998047, 12730.47399520874, 45.31693458557129, 13205.621004104614, 42.30618476867676, 607.5739860534668, 601.1991500854492, 530.8880805969238, 579.866886138916, 12272.81928062439, 13512.943983078003, 41.35322570800781, 13212.826251983643, 12417.58418083191, 12827.100038528442, 12663.7601852417, 3.509044647216797, 7.396936416625977, 302.4470806121826, 13506.155014038086, 11099.540948867798, 529.365062713623, 6771.224021911621, 15.267133712768555, 4.494905471801758, 6.875038146972656, 0.3910064697265625, 1.3859272003173828, 575.131893157959, 3.030061721801758, 1506.1237812042236, 2.168893814086914, 0.3669261932373047]}