{
  "total_count": 100,
  "timed_out_count": 0,
  "solved_count": 11,
  "unsolved": [],
  "timed_out": [],
  "total_time": 483257.0354938507,
  "time_plot": [
    73528.69606018066,
    3676.9609451293945,
    108686.63024902344,
    322.4937915802002,
    64303.91597747803,
    322.3099708557129,
    84251.76811218262,
    73158.10513496399,
    1020.9629535675049,
    329.6551704406738,
    73655.53712844849
  ]
}