{
  "total_count": 100,
  "timed_out_count": 0,
  "solved_count": 11,
  "unsolved": [],
  "timed_out": [],
  "total_time": 518157.19842910767,
  "time_plot": [
    85073.1360912323,
    3641.0601139068604,
    117503.96299362183,
    328.8531303405762,
    65867.01798439026,
    329.41198348999023,
    87120.34487724304,
    81276.20506286621,
    1202.2981643676758,
    523.9880084991455,
    75290.92001914978
  ]
}