{
  "total_count": 100,
  "timed_out_count": 0,
  "solved_count": 11,
  "unsolved": [],
  "timed_out": [],
  "total_time": 188660.97259521484,
  "time_plot": [
    18207.64398574829,
    4429.886817932129,
    118561.0990524292,
    372.7889060974121,
    7706.825017929077,
    346.89903259277344,
    16321.34485244751,
    12705.501794815063,
    906.9907665252686,
    321.69437408447266,
    8780.297994613647
  ]
}