{
  "total_time": 809514.8794651031,
  "problems_solved": 40,
  "unexpected": 27,
  "timed_out_count": 10,
  "unsolved": [],
  "timed_out": [
    "MINIMUM(ZIPWITH(+,x0,x1))",
    "MAP(/3,SCAN1L(max,x0))",
    "SCAN1L(max,MAP(*2,x0))",
    "REVERSE(MAP(+1,x0))",
    "TAKE(x1,SCAN1L(-,x0))",
    "REVERSE(TAKE(x1,x0))",
    "TAKE(TAIL(x0),x1)",
    "ZIPWITH(+,x1,DROP(x2,x0))",
    "ZIPWITH(*,REVERSE(x0),REVERSE(x0))",
    "MAP(+1,ZIPWITH(max,x0,x1))"
  ],
  "time_taken": [
    20.301103591918945,
    29468.14799308777,
    148.24390411376953,
    39.602041244506836,
    41368.8600063324,
    35.192012786865234,
    34121.44684791565,
    34945.539236068726,
    64.15390968322754,
    32219.374895095825,
    2206.3980102539062,
    301.5453815460205,
    68967.44179725647,
    1837.2139930725098,
    123.68893623352051,
    259.1230869293213,
    21.39115333557129,
    607.5108051300049,
    97.90611267089844,
    25.194883346557617,
    1011.315107345581,
    28.744935989379883,
    302.8860092163086,
    599.7521877288818,
    69516.7281627655,
    123673.5348701477,
    40.62175750732422,
    189.55707550048828,
    159.38782691955566,
    54.75187301635742,
    281.9859981536865,
    277.0869731903076,
    175139.97507095337,
    1472.135066986084,
    177536.25178337097,
    1636.0318660736084,
    1826.9948959350586,
    5358.752965927124,
    210.36386489868164,
    3319.7450637817383
  ]
}